{"frames": {

"blob.png":
{
	"frame": {"x":49,"y":0,"w":32,"h":24},
	"rotated": false,
	"trimmed": false,
	"spriteSourceSize": {"x":0,"y":0,"w":32,"h":24},
	"sourceSize": {"w":32,"h":24},
	"pivot": {"x":0.5,"y":0.5}
},
"door.png":
{
	"frame": {"x":81,"y":0,"w":32,"h":32},
	"rotated": false,
	"trimmed": false,
	"spriteSourceSize": {"x":0,"y":0,"w":32,"h":32},
	"sourceSize": {"w":32,"h":32},
	"pivot": {"x":0.5,"y":0.5}
},
"dungeon.png":
{
	"frame": {"x":0,"y":32,"w":512,"h":512},
	"rotated": false,
	"trimmed": false,
	"spriteSourceSize": {"x":0,"y":0,"w":512,"h":512},
	"sourceSize": {"w":512,"h":512},
	"pivot": {"x":0.5,"y":0.5}
},
"explorer.png":
{
	"frame": {"x":0,"y":0,"w":21,"h":32},
	"rotated": false,
	"trimmed": false,
	"spriteSourceSize": {"x":0,"y":0,"w":21,"h":32},
	"sourceSize": {"w":21,"h":32},
	"pivot": {"x":0.5,"y":0.5}
},
"treasure.png":
{
	"frame": {"x":21,"y":0,"w":28,"h":24},
	"rotated": false,
	"trimmed": false,
	"spriteSourceSize": {"x":0,"y":0,"w":28,"h":24},
	"sourceSize": {"w":28,"h":24},
	"pivot": {"x":0.5,"y":0.5}
}},
"meta": {
	"app": "http://www.codeandweb.com/texturepacker",
	"version": "1.0",
	"image": "treasureHunter.png",
	"format": "RGBA8888",
	"size": {"w":512,"h":544},
	"scale": "1",
	"smartupdate": "$TexturePacker:SmartUpdate:ffb7b8207682cf827e66960faf26f4b9:3923663e59fb40b578d66a492a2cda2d:9995f8b4db1ac3cb75651b1542df8ee2$"
}
}
